tempo,preco
1,100.14901424590337
2,100.07847904818999
3,100.43397339472388
4,100.8157852218696
5,100.40709264917312
6,100.52456683142428
7,101.18480425797489
8,101.05602603365678
9,100.79799436883681
10,101.21269908129825
11,101.01982576936467
12,101.12565553179023
13,101.44187362825987
14,100.89638873807475
15,101.05096002472148
16,101.49459126127437
17,101.45086284569871
18,101.93683501005917
19,101.6542465965986
20,101.58313989917816
21,102.52263660029227
22,102.08711356104207
23,102.24267318152924
24,101.85810342465699
25,102.1807633545769
26,102.43124601562413
27,102.1018182976077
28,102.60415612115703
29,102.35070785300128
30,102.47791785713719
31,102.41447798953928
32,103.1752509837314
33,102.63509803866162
34,102.33641677822106
35,102.91009309453591
36,102.30171879875657
37,102.73035434025782
38,102.07464936878667
39,102.2541443607053
40,102.69697780076848
41,102.84013482764998
42,102.64613522162374
43,102.53172424858128
44,102.4434664729202
45,102.05343621052894
46,102.24019313125744
47,102.27321879306551
48,102.68008337344736
49,102.41401184797283
50,101.72661735766019
51,102.29416947902635
52,102.01984275065794
53,101.86792614355114
54,102.18756396923203
55,102.24405961721644
56,102.14270601983952
57,101.53821104334503
58,101.62219231192972
59,101.73787768784904
60,101.85350883285876
61,101.33848774476614
62,101.34723159146573
63,100.99126083266476
64,100.8843235180415
65,101.4070094598631
66,101.49048173951103
67,100.98290557523939
68,101.2272559260208
69,100.95740860346062
70,100.5793810482016
71,100.80685222627329
72,101.08711463536787
73,100.54421130167731
74,100.95581979943279
75,99.63440418695609
76,100.60344811382787
77,100.322398338586
78,100.14904752072991
79,100.2119959145927
80,99.53735307744671
81,100.02049344303288
82,100.15008326260113
83,100.44681399129364
84,99.81255153236701
85,99.69430037430487
86,99.75949417046748
87,100.16228876181171
88,99.968520177781
89,99.69786779109086
90,100.00243410869273
91,99.87406302947421
92,100.13690578015338
93,99.64200206456987
94,99.76559247850291
95,99.76252103893215
96,99.4623599376096
97,100.0165068654477
98,100.03722350972053
99,99.99662881174406
100,99.96581772118383
101,99.6575402280586
102,100.00670906589858
103,100.08555628038651
104,100.00778353629612
105,100.2647049750599
106,100.50334627019116
107,101.02132088591536
108,100.58533303214524
109,100.69173614210484
110,100.67751160429238
111,100.21328798426951
112,100.87356612281272
113,100.99553578723766
114,101.81554147248357
115,101.1209206253704
116,101.37390604770157
117,101.3803821102609
118,101.14986855303442
119,101.95509351469404
120,101.95147028006654
121,102.07847858771505
122,101.6850281869628
123,102.49651328473664
124,101.77386086345727
125,102.48987832250509
126,103.09077825464787
127,102.2564669034295
128,102.50364066416229
129,102.82299381922728
130,102.76104151549507
131,102.56504094685579
132,103.16788925718737
133,102.94439161290893
134,103.51936543617616
135,103.21387257096306
136,104.0650684690665
137,103.47325071457634
138,103.71727675003432
139,104.1609346939873
140,103.64771296139585
141,104.18221117781881
142,104.59983271614425
143,103.81569310988338
144,104.4399323422825
145,104.54530056597282
146,104.78070861955621
147,104.2497880279937
148,104.29519644326048
149,104.91399866130831
150,104.9081017536279
151,104.95114780865325
152,105.03223899540812
153,104.77183192758943
154,105.08821167452071
155,105.1442582097436
156,104.87489213281444
157,105.67681904409264
158,105.28213402288537
159,104.80049163451875
160,105.3677536371054
161,104.88631199217858
162,105.41782505236353
163,105.52735829539239
164,104.92680643779751
165,105.45047395213285
166,105.26904269855963
167,105.37096171551093
168,105.66800688985792
169,104.9955813813757
170,104.80903368357671
171,104.73011989635933
172,104.71005922824534
173,104.88566368292399
174,104.96146044965032
175,104.88894569996337
176,104.99760288221918
177,104.69373495334689
178,105.06335711047937
179,104.48264466294438
180,105.31033270604719
181,104.61193717481301
182,104.09498455479994
183,103.95692897528036
184,104.34740819280022
185,104.05874099260274
186,104.2619791189885
187,104.11088013438618
188,103.867567906982
189,103.55551273548619
190,103.27510710230692
191,103.51574327345627
192,103.82712956406353
193,103.5555745607931
194,103.03963276805884
195,103.38843302493346
196,103.3765568266741
197,102.9218845106358
198,103.16107141594948
199,103.06239082798315
200,102.63429865429242
201,103.01929398632575
202,103.0176807096244
203,103.11477407516684
204,103.04953737050847
205,102.26694981442579
206,102.34925562721587
207,102.73913896063543
208,102.69662703647167
209,102.6588613677205
210,103.62616058975387
211,102.61187563326462
212,102.75594307213653
213,102.68064968582235
214,102.57365522482193
215,102.27214919406751
216,102.58769503030663
217,102.12627997550574
218,102.29010889298029
219,102.2235184290385
220,102.40663889802826
221,103.09441715690065
222,101.86278186927038
223,102.65677288070438
224,101.9999851858143
225,102.38006498196054
226,102.89106918406769
227,102.63124550592445
228,102.34098466459766
229,102.50675183589266
230,102.9868528091195
231,102.629985661108
232,102.98453174270188
233,103.00801436203373
234,102.8777246359493
235,103.79921605895954
236,103.43284575504106
237,102.72540705444847
238,103.4826328100388
239,103.32518983609542
240,103.87957507760478
241,103.48909794246931
242,103.79812462409873
243,104.09220125462494
244,104.31083891255275
245,103.80345251340961
246,104.17741091928546
247,104.2510528239201
248,104.31462865950682
249,105.15842792118771
250,104.86927823060337
251,104.48909101899709
252,105.26261881780374
253,105.74389295354608
254,105.53680345314757
255,104.89065309305369
256,105.31992804740239
257,105.96309299495907
258,105.48738288346871
259,105.94809470671926
260,106.16096721832032
261,105.76225493217986
262,106.1321331406499
263,105.28494272672403
264,106.05479604011045
265,106.3883765839965
266,106.18888702084702
267,107.14886291557269
268,106.32266750856115
269,106.7087384338958
270,106.96531470275715
271,107.43995083982308
272,106.65426844635425
273,107.50727275535948
274,107.23039517183514
275,106.99745688930254
276,107.49059592789624
277,107.46710924756024
278,107.27803523359871
279,107.52495562828696
280,107.42947660469149
281,107.61526991496511
282,107.81104593640399
283,108.11442382233945
284,107.28849066521275
285,108.31596331782961
286,107.10165586240878
287,107.64800840003856
288,107.87136798475873
289,107.77561311341907
290,107.49612114436452
291,107.60735343594219
292,107.50407543988062
293,107.45277291719773
294,107.85759657352581
295,107.67859830807538
296,107.3281706483312
297,107.76638409738061
298,107.54521415954545
299,107.64962133467564
300,107.5437760935336
301,107.05187717703761
302,107.07495884573879
303,107.40658182085696
304,107.30203001107097
305,107.04652689951834
306,107.0194425521457
307,107.29678061499776
308,106.66326324908997
309,106.9303659278424
310,106.62956568945019
311,106.54763060290743
312,106.86424737580968
313,106.70313220929529
314,106.61991452375699
315,106.68757000971816
316,106.22225244705214
317,106.34077219093312
318,105.96380071607173
319,106.07553274299816
320,105.86159610925557
321,105.85329215616768
322,105.92773403211396
323,105.43039096066194
324,106.23215354861475
325,105.23335081275316
326,105.10397972252746
327,105.75132871947646
328,105.5798430967784
329,105.47102258041974
330,105.41692250357063
331,105.17275528340767
332,104.85882165361699
333,105.10603721038953
334,104.83933615702327
335,105.29825236398584
336,104.92901583993356
337,104.69721677379924
338,104.82461996948985
339,105.02563141081396
340,104.71799551354239
341,104.63053889757094
342,104.94520930263289
343,104.94535996116933
344,104.72447318791988
345,104.7448883762313
346,104.97044203848887
347,104.48602583540477
348,104.52283391692387
349,104.759147972683
350,104.9452175463354
351,105.14202025874309
352,105.53572826519822
353,105.39960889112436
354,105.14826228341741
355,105.24913023804682
356,105.01722951075895
357,105.38004170023113
358,105.37094047786844
359,105.63050134477845
360,105.36572913933412
361,105.853829460729
362,106.24572841843494
363,105.84474442435193
364,106.0927575690586
365,106.27737755270076
366,106.05108205051053
367,106.34261056528966
368,106.38570616857335
369,106.52017158542087
370,106.37007850369253
371,106.72239181533845
372,106.97920762101744
373,107.38139575886527
374,107.35131307830115
375,107.82795668562507
376,107.07101263733588
377,107.68262490925946
378,107.59589075861481
379,108.31778625557894
380,107.53806104780764
381,107.64783786667167
382,107.8383912816652
383,107.49849969867299
384,108.09416233722841
385,108.1388900591737
386,108.52477279043562
387,108.69325751347893
388,109.2624816654295
389,109.09125868177121
390,108.73694676625631
391,108.74155533803469
392,109.25669029874486
393,108.80785727803008
394,109.84476845495517
395,109.73697886692068
396,109.3264530563253
397,109.03340711628694
398,110.02958338913999
399,109.66092624770755
400,110.13416230248578
401,109.34756220381695
402,109.70458731178239
403,109.93982221721124
404,110.00144793987326
405,109.89662139409018
406,110.25790520283448
407,109.78524668285705
408,110.09233875672332
409,110.19567448979892
410,110.33345272542205
411,110.40714405198428
412,109.86582236366587
413,109.74757913801655
414,110.5907963251711
415,110.30199965259811
416,109.96776689593477
417,110.64293606081124
418,110.19292746093912
419,110.48810421260384
420,110.12622572494314
421,110.69153565453672
422,110.56307221960806
423,109.92089907905846
424,110.24228980494132
425,110.0959352306875
426,110.26086077384531
427,109.50536815412644
428,109.94204806696068
429,109.99215745309019
430,109.0826197444031
431,109.18830045238866
432,108.86218706495293
433,109.32167893297651
434,109.54440206972215
435,109.70481241828426
436,109.19986468218511
437,109.58855801526227
438,108.60733028216544
439,108.43103010059315
440,108.8456096182266
441,108.89751701610098
442,108.69255665784166
443,108.00249417913987
444,108.51689559400337
445,108.07398630863501
446,108.58896094251035
447,108.42205025620696
448,107.9556379574369
449,108.01072855855612
450,107.77639868194207
451,108.00684724589702
452,108.24611727293072
453,107.6004308758802
454,107.98679579000606
455,107.61899810315577
456,107.48596122580469
457,107.64090137992514
458,107.31524192381646
459,107.41630863644501
460,107.18357203761288
461,108.09697673152458
462,107.48699226411604
463,107.23970761196286
464,107.49150630784698
465,107.37588175470367
466,107.33023220021532
467,107.57247370154089
468,107.61200505071615
469,107.22701853947554
470,107.21977310746128
471,107.32132043489572
472,106.7295663295648
473,106.98689069706718
474,107.8778109718363
475,107.99251927225609
476,107.46054980887625
477,107.749370197429
478,107.71577862266749
479,108.59686127902746
480,108.06457899488852
481,107.75046799854252
482,107.56684484691309
483,107.44065209870287
484,108.05699674182836
485,107.8465833230268
486,107.72835877125516
487,108.04647096457145
488,108.00508449685655
489,108.92832284976573
490,108.78264760001076
491,108.61489314787477
492,109.16335362098381
493,108.84741731151304
494,108.67319695265931
495,109.49821539103444
496,109.31474350353717
497,108.95555590149263
498,109.32492023713822
499,109.2360231121298
500,109.20170840473155
501,110.01314976406394
502,110.42753128862466
503,109.55495896919257
504,110.2634066000003
505,110.01922337431441
506,110.18784287561932
507,110.27524182980267
508,110.3119100658805
509,110.70273353115239
510,110.5546415862925
511,110.99925375577828
512,111.01544044425596
513,111.06919677449086
514,110.97672966759684
515,111.18161296284245
516,111.68422127432322
517,111.70794520052738
518,111.3613760779206
519,111.77812902813325
520,112.06396205834703
521,111.4242953166228
522,112.17088394031002
523,111.8878788737924
524,112.33251991349762
525,112.00278441265903
526,111.75634088302557
527,111.87109255795909
528,112.43073311911597
529,112.54648693950185
530,112.24476732381359
531,112.75029302384104
532,112.09801647425375
533,112.60946560816149
534,112.29382955478076
535,112.48443665337341
536,112.71206123097258
537,112.45257820023792
538,112.60322040801275
539,113.02341433825464
540,112.54649556414648
541,112.96345949042855
542,112.36224764871717
543,112.84380688722075
544,113.09643094547808
545,111.89705277326325
546,112.36966786120591
547,112.74777743934492
548,112.47552577094667
549,112.60557646728245
550,112.26699568501756
551,112.42445699955206
552,112.29857024312652
553,112.63908888933072
554,112.30544014557337
555,112.26783213708704
556,111.9777098820281
557,111.88721007706664
558,111.83366020624274
559,112.00964088327872
560,111.69105959205078
561,111.82874403368467
562,112.28753420975673
563,111.84824172152128
564,111.41022051105816
565,111.7888950678179
566,111.22624034984793
567,110.65723603972552
568,110.88638623529705
569,110.54809117149938
570,110.925017869413
571,110.95801423338328
572,111.37855526345156
573,110.89819828836086
574,110.66048529061798
575,110.90296657587396
576,109.920797968724
577,110.58710576539143
578,110.68247221650888
579,109.94514944631746
580,110.67229177143389
581,110.37428115382238
582,110.09503000869945
583,110.35983532373433
584,110.80526723480597
585,110.13651691919831
586,110.1183151589356
587,109.87207216858378
588,109.7252329912976
589,110.2039915285429
590,109.6772819502079
591,109.93940705447991
592,109.76317421150044
593,110.04348248030955
594,109.99805376945329
595,110.2122878167683
596,109.75603801424467
597,109.84107390951809
598,109.6463946000818
599,109.82972196064955
600,110.10417774558269
601,110.25103333680788
602,109.78517543771265
603,110.3654895117641
604,110.55891926686819
605,110.32864699036655
606,110.82473135536026
607,110.09122675515422
608,110.01612866272691
609,109.92644583357006
610,110.98366099612788
611,110.81005521799165
612,110.67993274830853
613,110.86726905223274
614,110.53594311009569
615,111.70109208152948
616,111.10319040577077
617,111.19738834949
618,111.48533373169434
619,111.51762077960747
620,111.54866367405263
621,111.35478237272028
622,111.84581122646878
623,112.38321277875377
624,112.33801931695047
625,112.52945090740006
626,112.0163028723235
627,111.99178444404795
628,112.37050634376652
629,112.54486574848642
630,112.97639119806942
631,112.26020952246904
632,113.3462093912647
633,112.95866908838747
634,112.99581931151305
635,112.93690502696
636,112.85933099609193
637,113.71635170248749
638,113.60313533606471
639,113.30378868278761
640,113.40956387025005
641,113.80211795269635
642,114.50556912163317
643,114.02603302060469
644,113.74885618421253
645,114.21861599513488
646,114.29953157589505
647,113.65758978624999
648,114.53180861752512
649,114.55623861155297
650,114.90763984315366
651,115.32242767557526
652,115.17025483784194
653,114.81163343419462
654,114.61572719567782
655,115.77035960688112
656,115.0619890136098
657,115.08941454230217
658,115.11409843400627
659,115.21190928574008
660,115.13534345932477
661,115.02772511815047
662,115.05193965734253
663,115.217356024296
664,115.07037231955779
665,115.02083128998137
666,115.26301367239701
667,115.1461643123473
668,115.66067259482342
669,114.39632826326373
670,115.4966376747658
671,115.51610555808765
672,114.48900251912625
673,114.97272623082877
674,114.9245251899546
675,114.57018980915677
676,114.71180385848501
677,114.56106953876973
678,115.36558196304432
679,115.06301381046943
680,115.10313114436698
681,114.87466699145303
682,114.25330573489747
683,114.36609153345452
684,114.59947816983991
685,114.01326439524574
686,114.51928981106435
687,114.1572670462406
688,114.03961966070638
689,114.28702518055786
690,114.12790329108411
691,113.80668510646412
692,114.18283717827794
693,113.43074493228613
694,113.86008260188655
695,113.7739319354425
696,113.4245471127079
697,113.53761671076506
698,112.98800879866157
699,113.5655583873278
700,113.15956582512904
701,112.98681775485198
702,113.38907609106555
703,112.79617245267731
704,112.52062018082881
705,112.41464434951429
706,113.00490591195742
707,112.38363552347558
708,113.24224387143673
709,112.04282782634505
710,113.13167529711656
711,112.64526770773698
712,112.51621686613511
713,112.34920945657139
714,112.60419778731287
715,112.44937624560549
716,112.77241431013228
717,112.46109460202868
718,112.46205134605702
719,112.3028182605992
720,112.39462857443138
721,112.50878282378139
722,111.91307966813318
723,112.03634608826268
724,112.68344942661588
725,112.53639609653109
726,112.45959385080297
727,112.5549334122372
728,112.69321759018716
729,112.47143164695967
730,112.44910020365302
731,112.79531980081988
732,112.50168660800468
733,112.98086753856062
734,112.41526299400874
735,113.3067651316935
736,113.2159821283751
737,113.23125989319287
738,113.53341941457543
739,113.82616828701747
740,113.722333746048
741,112.96066146388651
742,113.22716867037916
743,113.52473598019077
744,113.82396762042208
745,114.07800586896391
746,113.81394560738646
747,114.19882974508845
748,114.0292583964047
749,114.18720145610192
750,114.06491503991732
751,114.32743242689381
752,114.31737483877241
753,114.54933870900622
754,115.27790833354764
755,114.79695664696185
756,115.99144701224982
757,115.46942956424928
758,115.49608335169981
759,115.3015720764232
760,115.88662177949688
761,115.62004580954743
762,115.94406690935499
763,116.78849783209652
764,116.10271223163868
765,116.58519155876222
766,116.13593546892864
767,116.44025400912496
768,117.08302661926518
769,116.46170334855341
770,117.28831125865077
771,117.04827476617994
772,116.75499252193065
773,117.19747969731324
774,117.37962995441555
775,117.35044404084977
776,116.76466219320281
777,117.08507859333542
778,117.29199717164806
779,117.40239106900238
780,117.6647302308001
781,117.58090107284815
782,117.17123166292687
783,117.72525995288306
784,117.82881497329527
785,117.84305197219493
786,118.02383789552869
787,117.96927119645245
788,117.8713427508149
789,117.7220502569907
790,117.24936621660783
791,117.87617637712972
792,117.80436641911724
793,117.81349881641243
794,117.33423656722773
795,117.37353796696434
796,117.98985088359753
797,117.63365474121436
798,117.81727485177252
799,117.5844423201731
800,117.5439567885064
801,117.7717114627515
802,117.28688448708697
803,117.41845221887003
804,117.19547814231373
805,117.14517186558082
806,117.12114092243583
807,117.21612036533779
808,116.9388701572782
809,117.38988034536118
810,116.67329764147973
811,116.81224086044844
812,116.66133514992673
813,117.15086710880392
814,116.69806776648026
815,116.87003472949473
816,116.03549223252314
817,116.48150159446048
818,116.58829849975076
819,116.26616367137584
820,116.48148804273102
821,115.92756812736047
822,116.42726257475127
823,116.61687009781973
824,115.74237314192787
825,115.64311962414614
826,116.14008910202197
827,116.10723818201855
828,115.40801743147054
829,115.37276559937082
830,115.35088485996225
831,114.97154454073878
832,115.04180572426701
833,114.96193651069903
834,114.98205823981934
835,115.15482906409032
836,115.19212209582268
837,115.54757550359054
838,114.74757990698751
839,115.31127500526442
840,114.92503294498285
841,114.952117791273
842,115.15171171084613
843,114.59943407683738
844,115.04271680910946
845,114.97450175878387
846,115.07376125297702
847,115.01917015169124
848,115.68037120122833
849,114.76881027220702
850,114.82218291702951
851,114.82088483583338
852,114.87250824325545
853,114.88421071600077
854,115.4733176984488
855,115.58880735449297
856,115.042267894217
857,115.01933610072608
858,115.47064485899723
859,115.22825670470486
860,115.6529208604239
861,115.5973274209982
862,115.1592944872425
863,116.15985060845581
864,116.31980387437196
865,115.68634211802619
866,115.84653022888526
867,116.14460448765682
868,116.25833831203576
869,116.45767534268117
870,116.9680333553861
871,116.41928479978414
872,116.34259536342597
873,116.2800986894184
874,116.58829024216664
875,116.91293669569876
876,117.57794020291384
877,117.00213833854977
878,117.34331325500663
879,117.39066456237731
880,117.87193491071736
881,118.3934835779729
882,117.59604164867508
883,117.72803069289873
884,118.30708399987785
885,118.31654197926434
886,118.78304581435363
887,118.51994884796078
888,118.35115794025027
889,118.74852020231839
890,119.01428512605632
891,119.03591528946447
892,119.0475755165361
893,119.31833046296528
894,119.44915626521227
895,119.60995954333899
896,119.48358147563992
897,119.32901805069066
898,119.50970542236388
899,119.91036841430815
900,119.38208921890126
901,119.8124090417301
902,119.65418890290215
903,119.84681792716961
904,120.28323942304102
905,120.01394466707308
906,120.02276643347773
907,119.64832805453041
908,120.32277069058166
909,120.3302533826856
910,120.81835756198146
911,120.10484827433764
912,120.28573552870654
913,120.31261528660328
914,120.72385245648226
915,120.22986859941194
916,120.34505939064674
917,120.44171519873879
918,120.30847494005637
919,120.10692784152884
920,120.28274948126518
921,120.52566622025556
922,119.87016831492257
923,120.18816562478906
924,119.90412049870828
925,120.43441822212273
926,119.57670672281262
927,119.81991144259925
928,120.0510085561462
929,120.35426531474278
930,119.80833530957385
931,119.6018333108186
932,120.2701526961549
933,119.2060998632323
934,118.91305996537463
935,119.63462252732515
936,119.27986224788233
937,119.05014317706575
938,119.4934635123457
939,119.27718823851751
940,118.95680599259019
941,118.66305492588917
942,119.22938237075127
943,119.08283541639308
944,118.77803278183316
945,119.28191762669758
946,118.32742218938374
947,118.11193990934827
948,118.28405070486777
949,118.40109369480719
950,118.41228050069252
951,118.19301848437472
952,118.29895270068961
953,117.74788726375934
954,118.48878263140946
955,117.9658223996616
956,118.26319426884733
957,117.97129026531435
958,117.94909393574099
959,117.92991260115971
960,117.84371124651189
961,117.85630750531293
962,118.0201689083464
963,117.64230758177516
964,117.76212119885614
965,117.4928437629765
966,117.92654370768952
967,117.27084771258949
968,117.99791901822472
969,117.43416591576572
970,117.01034065299791
971,117.47621444726705
972,117.23658208500204
973,117.70115183173958
974,117.26620932421889
975,117.34617320717668
976,116.93619662483094
977,117.39538886821624
978,116.83691014815955
979,117.12683506735203
980,117.87295624500092
981,117.9282347420763
982,117.87256257919421
983,117.51194979410093
984,117.84944049279581
985,117.92887408029395
986,117.6530205791351
987,118.52637241026316
988,118.41749530193091
989,118.17089451527403
990,118.33195291930008
991,118.47674493391686
992,117.89551625801236
993,118.5309693557369
994,118.50069969850921
995,118.5078675335645
996,118.8297605703476
997,119.56159799785146
998,119.32499008214316
999,119.07384644732096
1000,119.53122452653415
